<?xml version="1.0" encoding="UTF-8" ?>
<!DOCTYPE mapper
  PUBLIC "-//mybatis.org//DTD Mapper 3.0//EN"
  "https://mybatis.org/dtd/mybatis-3-mapper.dtd">
<mapper namespace="dao.BoardNoticeDAO">

	<select id="selectNoticeBoard" resultType="boardNoticeVO">
		select notice_id noticeID, title, content, to_char(reg_date, 'yyyy-mm-dd') regDate
		  from notices
		 order by reg_date
	</select>
	
	<select id="selectNoticeBoardByID" resultType="boardNoticeVO">
		select notice_id noticeID, title, content, to_char(reg_date, 'yyyy-mm-dd') regDate
		  from notices
		 where notice_id = #{noticeID}
	</select>
	
	<insert id="insertNotice" parameterType="boardNoticeVO">
		insert into notices
		(
		notice_id, title, content, reg_date
		)
		values
		(
		seq_notice_id_no.nextval ,#{title}, #{content}, sysdate
		)
	</insert>
	
	<delete id="deleteNotice" parameterType="int">
		delete from notices
		where notice_id = #{noticeID}
	</delete>
</mapper>