<?xml version = '1.0' encoding = 'UTF-8'?>
<relationalModel class="oracle.dbtools.crest.model.design.relational.RelationalDesign" name="Relational_1" id="76B87607-AF3F-D332-6F71-460D912FFD26" mainViewID="216685E2-A05E-4DD3-DBF3-4D6D3FDF9B72">
<createdBy>User</createdBy>
<createdTime>2024-12-16 23:21:32 UTC</createdTime>
<ownerDesignName>ERD</ownerDesignName>
<shouldBeOpen>false</shouldBeOpen>
<selectedRDBMSSite>01F6E6D1-21D0-CFBD-ABDD-3988D1813575</selectedRDBMSSite>
<importConnectionStamps>
<importConnectionStamp class="oracle.dbtools.crest.imports.DBConnectionStamp">
<connName>OrientalMedicineClinic</connName>
<connUser>System</connUser>
<connType>1</connType>
</importConnectionStamp>
</importConnectionStamps>
</relationalModel>