<?xml version = '1.0' encoding = 'UTF-8'?>
<SegmentOraclev10g class="oracle.dbtools.crest.model.design.storage.oracle.v10g.SegmentOraclev10g" name="Storage9" directorySegmentName="seg_0" id="14856D72-F228-E55F-D057-E43E3B4EC250">
<createdBy>User</createdBy>
<createdTime>2024-12-16 23:25:31 UTC</createdTime>
<ownerDesignName>ERD</ownerDesignName>
<initrans>2</initrans>
<maxTrans>255</maxTrans>
<scInitialExtent>65536</scInitialExtent>
<scMaxExtents>2147483645</scMaxExtents>
<scNextExtent>1048576</scNextExtent>
</SegmentOraclev10g>