<?xml version = '1.0' encoding = 'UTF-8'?>
<Diagram class="oracle.dbtools.crest.swingui.relational.DPVRelational" name="Relational_1" id="216685E2-A05E-4DD3-DBF3-4D6D3FDF9B72">
<createdBy>User</createdBy>
<modifiedBy>User</modifiedBy>
<createdTime>2024-12-16 23:25:30 UTC</createdTime>
<autoRoute>false</autoRoute>
<boxInbox>true</boxInbox>
<showLegend>false</showLegend>
<showLabels>false</showLabels>
<showRelAttributes>false</showRelAttributes>
<gridEnabled>false</gridEnabled>
<showGrid>false</showGrid>
<diagramColor>-1</diagramColor>
<display>false</display>
<notation>1</notation>
<objectViews>
<OView class="oracle.dbtools.crest.swingui.relational.TVTable" oid="0C587DBD-652D-041E-4489-42F7E9DA339A" otype="Table" vid="98C5D738-99B8-7D86-91F3-4DCEFE6AC114">
<hideElementsInCurrentOnly>false</hideElementsInCurrentOnly>
<bounds x="1280" y="98" width="230" height="78"/>
</OView>
<OView class="oracle.dbtools.crest.swingui.relational.TVTable" oid="20044508-EEC1-7B14-CBF8-CB5360D15DAB" otype="Table" vid="8CC87A8F-23F3-26DB-16CA-E79EBA85BF1E">
<hideElementsInCurrentOnly>false</hideElementsInCurrentOnly>
<bounds x="969" y="367" width="278" height="223"/>
</OView>
<OView class="oracle.dbtools.crest.swingui.relational.TVTable" oid="3CC5731F-2EA1-3D69-AECF-841FE9847F50" otype="Table" vid="BEFB4416-5A74-518F-A0CB-977B11260085">
<hideElementsInCurrentOnly>false</hideElementsInCurrentOnly>
<bounds x="1314" y="358" width="268" height="159"/>
</OView>
<OView class="oracle.dbtools.crest.swingui.relational.TVTable" oid="43854988-3930-4964-5746-98FDEA1BFEE5" otype="Table" vid="B746F286-4358-6F59-8DDC-C0A826E294DE">
<hideElementsInCurrentOnly>false</hideElementsInCurrentOnly>
<bounds x="627" y="654" width="245" height="159"/>
</OView>
<OView class="oracle.dbtools.crest.swingui.relational.TVTable" oid="7B757FAD-B29A-4C92-BC8C-FA41C669AA4C" otype="Table" vid="BA041883-5AB3-36A7-1899-BDDCF03E639A">
<hideElementsInCurrentOnly>false</hideElementsInCurrentOnly>
<bounds x="731" y="921" width="334" height="108"/>
</OView>
<OView class="oracle.dbtools.crest.swingui.relational.TVTable" oid="8EF6C99F-CB2F-69A4-23C3-13474735D4E0" otype="Table" vid="D8D3E2B8-F442-6919-74C9-E59047BC8CC4">
<hideElementsInCurrentOnly>false</hideElementsInCurrentOnly>
<bounds x="52" y="47" width="227" height="108"/>
</OView>
<OView class="oracle.dbtools.crest.swingui.relational.TVTable" oid="9D48F7F2-5E50-9A87-257F-BE2D8B080478" otype="Table" vid="E14F40AE-CE7F-EFE7-CB22-CF59E85B03F2">
<hideElementsInCurrentOnly>false</hideElementsInCurrentOnly>
<bounds x="805" y="85" width="279" height="169"/>
</OView>
<OView class="oracle.dbtools.crest.swingui.relational.TVTable" oid="9F2D9F04-F0CD-5C38-9EFA-2C70EFA81249" otype="Table" vid="5966C760-F551-8DEE-5BE0-CF34CE99E755">
<hideElementsInCurrentOnly>false</hideElementsInCurrentOnly>
<bounds x="607" y="374" width="222" height="114"/>
</OView>
<OView class="oracle.dbtools.crest.swingui.relational.TVTable" oid="BEFA47AF-D2F1-C4EF-BAC7-FDC55A5BE1F4" otype="Table" vid="03872DBC-6428-70A6-2554-113B753620DF">
<hideElementsInCurrentOnly>false</hideElementsInCurrentOnly>
<bounds x="1313" y="548" width="275" height="159"/>
</OView>
<OView class="oracle.dbtools.crest.swingui.relational.TVTable" oid="DCFA65AF-3D8E-BF7C-B867-619CBCF2B1F3" otype="Table" vid="470E3178-940D-1349-598E-A44EA8525095">
<hideElementsInCurrentOnly>false</hideElementsInCurrentOnly>
<bounds x="941" y="661" width="253" height="159"/>
</OView>
</objectViews>
<connectors>
<Connector class="oracle.dbtools.crest.swingui.relational.TVFKRelation" oid="02095AD9-C0EB-4A8B-7AAE-D98811DF448F" otype="FKIndexAssociation" vid_source="BA041883-5AB3-36A7-1899-BDDCF03E639A" vid_target="470E3178-940D-1349-598E-A44EA8525095">
<hideElementsInCurrentOnly>false</hideElementsInCurrentOnly>
<backgroundColor>-16777216</backgroundColor>
<lineWidth>1</lineWidth>
<points>
<point x="1003" y="921"/>
<point x="1003" y="820"/>
</points>
</Connector>
<Connector class="oracle.dbtools.crest.swingui.relational.TVFKRelation" oid="075BB3AD-7054-D7AB-0C91-139F679BB0D2" otype="FKIndexAssociation" vid_source="98C5D738-99B8-7D86-91F3-4DCEFE6AC114" vid_target="E14F40AE-CE7F-EFE7-CB22-CF59E85B03F2">
<hideElementsInCurrentOnly>false</hideElementsInCurrentOnly>
<backgroundColor>-16777216</backgroundColor>
<lineWidth>1</lineWidth>
<points>
<point x="1280" y="137"/>
<point x="1084" y="137"/>
</points>
</Connector>
<Connector class="oracle.dbtools.crest.swingui.relational.TVFKRelation" oid="5AFDF1B3-EF41-AAEA-5FFF-E1027DD33767" otype="FKIndexAssociation" vid_source="5966C760-F551-8DEE-5BE0-CF34CE99E755" vid_target="B746F286-4358-6F59-8DDC-C0A826E294DE">
<hideElementsInCurrentOnly>false</hideElementsInCurrentOnly>
<backgroundColor>-16777216</backgroundColor>
<lineWidth>1</lineWidth>
<points>
<point x="728" y="488"/>
<point x="728" y="654"/>
</points>
</Connector>
<Connector class="oracle.dbtools.crest.swingui.relational.TVFKRelation" oid="7B7ACAE5-BAA5-53D6-BC2A-408FE966D29E" otype="FKIndexAssociation" vid_source="8CC87A8F-23F3-26DB-16CA-E79EBA85BF1E" vid_target="BEFB4416-5A74-518F-A0CB-977B11260085">
<hideElementsInCurrentOnly>false</hideElementsInCurrentOnly>
<backgroundColor>-16777216</backgroundColor>
<lineWidth>1</lineWidth>
<points>
<point x="1247" y="442"/>
<point x="1314" y="442"/>
</points>
</Connector>
<Connector class="oracle.dbtools.crest.swingui.relational.TVFKRelation" oid="88203F52-6222-D2C8-8D30-3F4471A0642A" otype="FKIndexAssociation" vid_source="E14F40AE-CE7F-EFE7-CB22-CF59E85B03F2" vid_target="5966C760-F551-8DEE-5BE0-CF34CE99E755">
<hideElementsInCurrentOnly>false</hideElementsInCurrentOnly>
<backgroundColor>-16777216</backgroundColor>
<lineWidth>1</lineWidth>
<points>
<point x="817" y="254"/>
<point x="817" y="374"/>
</points>
</Connector>
<Connector class="oracle.dbtools.crest.swingui.relational.TVFKRelation" oid="AD35C16C-4523-BF10-9AEE-94B39DB1AC61" otype="FKIndexAssociation" vid_source="8CC87A8F-23F3-26DB-16CA-E79EBA85BF1E" vid_target="470E3178-940D-1349-598E-A44EA8525095">
<hideElementsInCurrentOnly>false</hideElementsInCurrentOnly>
<backgroundColor>-16777216</backgroundColor>
<lineWidth>1</lineWidth>
<points>
<point x="1081" y="590"/>
<point x="1081" y="661"/>
</points>
</Connector>
<Connector class="oracle.dbtools.crest.swingui.relational.TVFKRelation" oid="B251DBBA-8745-3330-656E-2FA4F7A42A54" otype="FKIndexAssociation" vid_source="E14F40AE-CE7F-EFE7-CB22-CF59E85B03F2" vid_target="8CC87A8F-23F3-26DB-16CA-E79EBA85BF1E">
<hideElementsInCurrentOnly>false</hideElementsInCurrentOnly>
<backgroundColor>-16777216</backgroundColor>
<lineWidth>1</lineWidth>
<points>
<point x="1026" y="254"/>
<point x="1026" y="367"/>
</points>
</Connector>
<Connector class="oracle.dbtools.crest.swingui.relational.TVFKRelation" oid="D58A2227-4114-20F4-5B12-DD876F1DE476" otype="FKIndexAssociation" vid_source="BA041883-5AB3-36A7-1899-BDDCF03E639A" vid_target="B746F286-4358-6F59-8DDC-C0A826E294DE">
<hideElementsInCurrentOnly>false</hideElementsInCurrentOnly>
<backgroundColor>-16777216</backgroundColor>
<lineWidth>1</lineWidth>
<points>
<point x="801" y="921"/>
<point x="801" y="813"/>
</points>
</Connector>
<Connector class="oracle.dbtools.crest.swingui.relational.TVFKRelation" oid="D71325A6-840C-DC1A-5C9E-650F4C62C3F2" otype="FKIndexAssociation" vid_source="8CC87A8F-23F3-26DB-16CA-E79EBA85BF1E" vid_target="03872DBC-6428-70A6-2554-113B753620DF">
<hideElementsInCurrentOnly>false</hideElementsInCurrentOnly>
<backgroundColor>-16777216</backgroundColor>
<lineWidth>1</lineWidth>
<points>
<point x="1247" y="569"/>
<point x="1313" y="569"/>
</points>
</Connector>
</connectors>
</Diagram>