<?xml version = '1.0' encoding = 'UTF-8'?>
<TableProxyOraclev20c class="oracle.dbtools.crest.model.design.storage.oracle.v20c.TableProxyOraclev20c" name="ROLES" directorySegmentName="seg_0" id="0C587DBD-652D-041E-4489-42F7E9DA339A">
<createdBy>User</createdBy>
<createdTime>2024-12-16 23:25:31 UTC</createdTime>
<ownerDesignName>ERD</ownerDesignName>
<schemaObject>AD312CA1-C641-3DDE-02BD-03FEA48A3A6C</schemaObject>
<logging>YES</logging>
<partitionedRowMovement>DISABLE</partitionedRowMovement>
<segment>B8266638-090E-60C9-1ABB-BDA74AEE9AF8</segment>
<tableSpace>15FE23B5-7C3A-7092-50A9-1CBFD738CF3D</tableSpace>
<temporaryChanged>false</temporaryChanged>
<accessDriverType>oracle_loader</accessDriverType>
<rejectLimit></rejectLimit>
<inMemory>NO</inMemory>
<columnProxies itemClass="oracle.dbtools.crest.model.design.storage.oracle.v12c.ColumnProxyOraclev12c">
<ColumnProxy name="ROLE_NAME" id="3BFA01D3-981D-E7AD-D89B-5CE757369638">
<createdBy>User</createdBy>
<createdTime>2024-12-16 23:25:31 UTC</createdTime>
<ownerDesignName>ERD</ownerDesignName>
</ColumnProxy>
<ColumnProxy name="ROLE_ID" id="FD20D5D0-83B8-1551-F9FE-52F72CBCF80D">
<createdBy>User</createdBy>
<createdTime>2024-12-16 23:25:31 UTC</createdTime>
<ownerDesignName>ERD</ownerDesignName>
</ColumnProxy>
</columnProxies>
<primaryKeys>
<PrimaryKey class="oracle.dbtools.crest.model.design.storage.oracle.v10g.PKProxyOraclev10g" name="ROLES_PK" id="33512686-08CD-66C5-1683-31C1C42366F5">
<createdBy>User</createdBy>
<createdTime>2024-12-16 23:25:32 UTC</createdTime>
<ownerDesignName>ERD</ownerDesignName>
<schemaObject>AD312CA1-C641-3DDE-02BD-03FEA48A3A6C</schemaObject>
<segment>14856D72-F228-E55F-D057-E43E3B4EC250</segment>
<tableSpace>15FE23B5-7C3A-7092-50A9-1CBFD738CF3D</tableSpace>
<indexSegment>14856D72-F228-E55F-D057-E43E3B4EC250</indexSegment>
<indexSort>SORTED</indexSort>
<usingIndex>BY INDEX NAME</usingIndex>
</PrimaryKey>
</primaryKeys>
</TableProxyOraclev20c>