<?xml version = '1.0' encoding = 'UTF-8'?>
<TableProxyOraclev20c class="oracle.dbtools.crest.model.design.storage.oracle.v20c.TableProxyOraclev20c" name="NOTICES" directorySegmentName="seg_0" id="8EF6C99F-CB2F-69A4-23C3-13474735D4E0">
<createdBy>User</createdBy>
<createdTime>2024-12-17 01:06:39 UTC</createdTime>
<ownerDesignName>ERD</ownerDesignName>
<schemaObject>AD312CA1-C641-3DDE-02BD-03FEA48A3A6C</schemaObject>
<logging>YES</logging>
<partitionedRowMovement>DISABLE</partitionedRowMovement>
<segment>B8266638-090E-60C9-1ABB-BDA74AEE9AF8</segment>
<tableSpace>15FE23B5-7C3A-7092-50A9-1CBFD738CF3D</tableSpace>
<temporaryChanged>false</temporaryChanged>
<accessDriverType>oracle_loader</accessDriverType>
<rejectLimit></rejectLimit>
<inMemory>NO</inMemory>
<columnProxies itemClass="oracle.dbtools.crest.model.design.storage.oracle.v12c.ColumnProxyOraclev12c">
<ColumnProxy name="CONTENT" id="0A68112B-8813-7BAB-DFA1-ED13F6AE98CE">
<createdBy>User</createdBy>
<createdTime>2024-12-17 01:06:39 UTC</createdTime>
<ownerDesignName>ERD</ownerDesignName>
</ColumnProxy>
<ColumnProxy name="TITLE" id="4B38DBD0-BC2D-49C3-5674-1E93486BB058">
<createdBy>User</createdBy>
<createdTime>2024-12-17 01:06:39 UTC</createdTime>
<ownerDesignName>ERD</ownerDesignName>
</ColumnProxy>
<ColumnProxy name="REG_DATE" id="59FF2C11-87EA-8E55-62E2-D9F68BC185EA">
<createdBy>User</createdBy>
<createdTime>2024-12-17 01:06:39 UTC</createdTime>
<ownerDesignName>ERD</ownerDesignName>
<defaultValue>sysdate</defaultValue>
</ColumnProxy>
<ColumnProxy name="NOTICE_ID" id="940CCF23-EF17-AC4D-75D1-DB29CC8C4D0C">
<createdBy>User</createdBy>
<createdTime>2024-12-17 01:06:39 UTC</createdTime>
<ownerDesignName>ERD</ownerDesignName>
</ColumnProxy>
</columnProxies>
<lobStorages>
<LobStorage class="oracle.dbtools.crest.model.design.storage.oracle.v11g.LobStorageOraclev11g" name="SYS_LOB0000077710C00003$$" id="A2D73419-11C2-9C10-1A55-ADADB9DFEF07">
<createdBy>User</createdBy>
<createdTime>2024-12-17 01:06:39 UTC</createdTime>
<ownerDesignName>ERD</ownerDesignName>
<cache>NOCACHE</cache>
<chunk>8192</chunk>
<column>CONTENT</column>
<logging>YES</logging>
<tableSpace>15FE23B5-7C3A-7092-50A9-1CBFD738CF3D</tableSpace>
</LobStorage>
</lobStorages>
<primaryKeys>
<PrimaryKey class="oracle.dbtools.crest.model.design.storage.oracle.v10g.PKProxyOraclev10g" name="NOTICES_PK" id="E6A4C2CA-8686-154C-DE9A-42527C3B96F7">
<createdBy>User</createdBy>
<createdTime>2024-12-17 01:06:39 UTC</createdTime>
<ownerDesignName>ERD</ownerDesignName>
<schemaObject>AD312CA1-C641-3DDE-02BD-03FEA48A3A6C</schemaObject>
<segment>14856D72-F228-E55F-D057-E43E3B4EC250</segment>
<tableSpace>15FE23B5-7C3A-7092-50A9-1CBFD738CF3D</tableSpace>
<indexSegment>14856D72-F228-E55F-D057-E43E3B4EC250</indexSegment>
<indexSort>SORTED</indexSort>
<usingIndex>BY INDEX NAME</usingIndex>
</PrimaryKey>
</primaryKeys>
</TableProxyOraclev20c>