<?xml version = '1.0' encoding = 'UTF-8'?>
<TableProxyOraclev20c class="oracle.dbtools.crest.model.design.storage.oracle.v20c.TableProxyOraclev20c" name="CART" directorySegmentName="seg_0" id="9F2D9F04-F0CD-5C38-9EFA-2C70EFA81249">
<createdBy>User</createdBy>
<createdTime>2024-12-17 01:06:39 UTC</createdTime>
<ownerDesignName>ERD</ownerDesignName>
<schemaObject>AD312CA1-C641-3DDE-02BD-03FEA48A3A6C</schemaObject>
<logging>YES</logging>
<partitionedRowMovement>DISABLE</partitionedRowMovement>
<segment>B8266638-090E-60C9-1ABB-BDA74AEE9AF8</segment>
<tableSpace>15FE23B5-7C3A-7092-50A9-1CBFD738CF3D</tableSpace>
<temporaryChanged>false</temporaryChanged>
<accessDriverType>oracle_loader</accessDriverType>
<rejectLimit></rejectLimit>
<inMemory>NO</inMemory>
<columnProxies itemClass="oracle.dbtools.crest.model.design.storage.oracle.v12c.ColumnProxyOraclev12c">
<ColumnProxy name="USER_ID" id="14C7F5F7-B5F2-45A0-43EC-A3E8B8B66721">
<createdBy>User</createdBy>
<createdTime>2024-12-17 01:06:39 UTC</createdTime>
<ownerDesignName>ERD</ownerDesignName>
</ColumnProxy>
<ColumnProxy name="REG_DATE" id="795930C8-92BF-1315-9299-3482A1501A66">
<createdBy>User</createdBy>
<createdTime>2024-12-17 01:06:39 UTC</createdTime>
<ownerDesignName>ERD</ownerDesignName>
<defaultValue>sysdate</defaultValue>
</ColumnProxy>
<ColumnProxy name="CART_ID" id="C219834A-EFA9-3D12-5065-1DD9A3F2051C">
<createdBy>User</createdBy>
<createdTime>2024-12-17 01:06:39 UTC</createdTime>
<ownerDesignName>ERD</ownerDesignName>
</ColumnProxy>
</columnProxies>
<foreignKeys>
<ForeignKey class="oracle.dbtools.crest.model.design.storage.oracle.v10g.FKProxyOraclev10g" name="FK_CART_USER" id="C50BEF0F-4DFA-3510-3FA2-090050DFB8E0">
<createdBy>User</createdBy>
<createdTime>2024-12-17 01:06:39 UTC</createdTime>
<ownerDesignName>ERD</ownerDesignName>
</ForeignKey>
</foreignKeys>
<primaryKeys>
<PrimaryKey class="oracle.dbtools.crest.model.design.storage.oracle.v10g.PKProxyOraclev10g" name="CART_PK" id="735FDFFE-277F-99E3-7D26-6499442A3EB8">
<createdBy>User</createdBy>
<createdTime>2024-12-17 01:06:39 UTC</createdTime>
<ownerDesignName>ERD</ownerDesignName>
<schemaObject>AD312CA1-C641-3DDE-02BD-03FEA48A3A6C</schemaObject>
<segment>14856D72-F228-E55F-D057-E43E3B4EC250</segment>
<tableSpace>15FE23B5-7C3A-7092-50A9-1CBFD738CF3D</tableSpace>
<indexSegment>14856D72-F228-E55F-D057-E43E3B4EC250</indexSegment>
<indexSort>SORTED</indexSort>
<usingIndex>BY INDEX NAME</usingIndex>
</PrimaryKey>
</primaryKeys>
</TableProxyOraclev20c>