<?xml version = '1.0' encoding = 'UTF-8'?>
<FKIndexAssociation class="oracle.dbtools.crest.model.design.relational.FKIndexAssociation" directorySegmentName="seg_0" id="02095AD9-C0EB-4A8B-7AAE-D98811DF448F" containerWithKeyObject="DCFA65AF-3D8E-BF7C-B867-619CBCF2B1F3" localFKIndex="1548CE15-EFE9-230E-254D-C4DBEEBAE333" name="FK_ORDER_ITEM_MEDICINE">
<sourceConnName>OrientalMedicineClinic</sourceConnName>
<sourceObjSchema>SYSTEM</sourceObjSchema>
<sourceObjName>FK_ORDER_ITEM_MEDICINE</sourceObjName>
<createdBy>User</createdBy>
<createdTime>2024-12-17 01:06:39 UTC</createdTime>
<ownerDesignName>ERD</ownerDesignName>
<importedID>317F7943-DA59-DFC6-0C3B-807D4DA35ED1</importedID>
<referredTableLongName>SYSTEM.HERBAL_MEDICINES</referredTableLongName>
<deleteRule>NO ACTION</deleteRule>
<referredTableID>7B757FAD-B29A-4C92-BC8C-FA41C669AA4C</referredTableID>
<keyObject>76447BF4-8B62-6ED5-C41B-087F54FFC540</keyObject>
<referredKeyID>76447BF4-8B62-6ED5-C41B-087F54FFC540</referredKeyID>
<mandatory>false</mandatory>
<refColNames>MEDICINE_ID</refColNames>
<transferable>true</transferable>
<rely>false</rely>
<columnDependencyConstraintGenerateInDDL>true</columnDependencyConstraintGenerateInDDL>
</FKIndexAssociation>