<?xml version = '1.0' encoding = 'UTF-8'?>
<FKIndexAssociation class="oracle.dbtools.crest.model.design.relational.FKIndexAssociation" directorySegmentName="seg_0" id="B251DBBA-8745-3330-656E-2FA4F7A42A54" containerWithKeyObject="20044508-EEC1-7B14-CBF8-CB5360D15DAB" localFKIndex="713F554F-D74A-7A5A-A53B-749E27B33D9C" name="FK_ORDER_USER">
<sourceConnName>OrientalMedicineClinic</sourceConnName>
<sourceObjSchema>SYSTEM</sourceObjSchema>
<sourceObjName>FK_ORDER_USER</sourceObjName>
<createdBy>User</createdBy>
<createdTime>2024-12-17 01:06:39 UTC</createdTime>
<ownerDesignName>ERD</ownerDesignName>
<importedID>18BC4C76-62F8-63C0-5FE5-A09C8CED86C8</importedID>
<referredTableLongName>SYSTEM.USERS</referredTableLongName>
<deleteRule>NO ACTION</deleteRule>
<referredTableID>9D48F7F2-5E50-9A87-257F-BE2D8B080478</referredTableID>
<keyObject>6CD8CF62-DB86-AD7E-67DB-FA36EEAF2CB7</keyObject>
<referredKeyID>6CD8CF62-DB86-AD7E-67DB-FA36EEAF2CB7</referredKeyID>
<mandatory>false</mandatory>
<refColNames>USER_ID</refColNames>
<transferable>true</transferable>
<rely>false</rely>
<columnDependencyConstraintGenerateInDDL>true</columnDependencyConstraintGenerateInDDL>
</FKIndexAssociation>