<?xml version = '1.0' encoding = 'UTF-8'?>
<Table class="oracle.dbtools.crest.model.design.relational.Table" directorySegmentName="seg_0" id="0C587DBD-652D-041E-4489-42F7E9DA339A" schemaObject="AD312CA1-C641-3DDE-02BD-03FEA48A3A6C" name="ROLES">
<sourceConnName>OrientalMedicineClinic</sourceConnName>
<sourceObjSchema>SYSTEM</sourceObjSchema>
<sourceObjName>ROLES</sourceObjName>
<createdBy>User</createdBy>
<createdTime>2024-12-16 23:25:31 UTC</createdTime>
<ownerDesignName>ERD</ownerDesignName>
<allowColumnReorder>false</allowColumnReorder>
<existDependencyGenerateInDDl>true</existDependencyGenerateInDDl>
<parsed>true</parsed>
<columns itemClass="oracle.dbtools.crest.model.design.relational.Column">
<Column name="ROLE_ID" id="FD20D5D0-83B8-1551-F9FE-52F72CBCF80D">
<sourceConnName>OrientalMedicineClinic</sourceConnName>
<sourceObjSchema>ROLES</sourceObjSchema>
<sourceObjName>ROLE_ID</sourceObjName>
<createdBy>User</createdBy>
<createdTime>2024-12-16 23:25:31 UTC</createdTime>
<ownerDesignName>ERD</ownerDesignName>
<useDomainConstraints>false</useDomainConstraints>
<use>1</use>
<logicalDatatype>LOGDT019</logicalDatatype>
<dataTypePrecision>*</dataTypePrecision>
<dataTypeScale>0</dataTypeScale>
<ownDataTypeParameters>,*,0</ownDataTypeParameters>
<autoIncrementCycle>false</autoIncrementCycle>
</Column>
<Column name="ROLE_NAME" id="3BFA01D3-981D-E7AD-D89B-5CE757369638">
<sourceConnName>OrientalMedicineClinic</sourceConnName>
<sourceObjSchema>ROLES</sourceObjSchema>
<sourceObjName>ROLE_NAME</sourceObjName>
<createdBy>User</createdBy>
<createdTime>2024-12-16 23:25:31 UTC</createdTime>
<ownerDesignName>ERD</ownerDesignName>
<useDomainConstraints>false</useDomainConstraints>
<use>1</use>
<logicalDatatype>LOGDT024</logicalDatatype>
<dataTypeSize>50 BYTE</dataTypeSize>
<ownDataTypeParameters>50 BYTE,,</ownDataTypeParameters>
<autoIncrementCycle>false</autoIncrementCycle>
</Column>
</columns>
<indexes itemClass="oracle.dbtools.crest.model.design.relational.Index">
<ind_PK_UK id="33512686-08CD-66C5-1683-31C1C42366F5" schemaObject="AD312CA1-C641-3DDE-02BD-03FEA48A3A6C" name="ROLES_PK">
<sourceConnName>OrientalMedicineClinic</sourceConnName>
<sourceObjSchema>SYSTEM</sourceObjSchema>
<sourceObjName>SYS_C008386</sourceObjName>
<createdBy>User</createdBy>
<createdTime>2024-12-16 23:25:31 UTC</createdTime>
<ownerDesignName>ERD</ownerDesignName>
<pk>true</pk>
<indexState>Primary Constraint</indexState>
<isSurrogateKey>false</isSurrogateKey>
<indexColumnUsage>
<colUsage columnID="FD20D5D0-83B8-1551-F9FE-52F72CBCF80D"/>
</indexColumnUsage>
</ind_PK_UK>
</indexes>
</Table>